ScenarioID,SimIndex,LookIndex,Status,BdryStopCode,RDGUserErrorCode,TestStat,ErrorCode,TrueHR
1,1,1,SUCCESS,1,0,-2.69423596092817,0,0.848409232700702
1,2,1,SUCCESS,1,0,-2.42758880954187,0,0.840089353658474
1,3,1,SUCCESS,1,0,-2.31585029190611,0,0.784464503511873
1,4,1,SUCCESS,1,0,-1.49985135292278,0,0.753792489676052
1,5,1,SUCCESS,1,0,-2.20504717255528,0,0.793505940906891
1,6,1,SUCCESS,0,0,0.0460010742984243,0,0.883497577906241
1,7,1,SUCCESS,0,0,0.393940113734755,0,1.00832599695821
1,8,1,SUCCESS,1,0,-0.709770768258512,0,0.818669712553504
1,9,1,SUCCESS,1,0,-1.16527539459993,0,0.904834111669999
1,10,1,SUCCESS,1,0,-2.30573969889049,0,0.801755563541452
1,11,1,SUCCESS,1,0,-1.38724403869269,0,0.869754636269549
1,12,1,SUCCESS,1,0,-2.49228521072313,0,0.816305171010867
1,13,1,SUCCESS,1,0,-2.48737973683777,0,0.702788071964758
1,14,1,SUCCESS,1,0,-2.16788184716118,0,0.753039605131578
1,15,1,SUCCESS,1,0,-2.78154783675413,0,0.796439342574484
1,16,1,SUCCESS,1,0,-1.49773921553488,0,0.814003980251226
1,17,1,SUCCESS,1,0,-2.25711783313718,0,0.861055274473416
1,18,1,SUCCESS,1,0,-0.410627989701213,0,0.773186581940198
1,19,1,SUCCESS,1,0,-1.88750193972752,0,0.776355312321935
1,20,1,SUCCESS,1,0,-2.50200119709351,0,0.792665281576697
1,21,1,SUCCESS,1,0,-0.8291148554974,0,0.834012132464008
1,22,1,SUCCESS,0,0,2.19739352114777,0,0.970139391897174
1,23,1,SUCCESS,1,0,-3.06071924760977,0,0.793206178917338
1,24,1,SUCCESS,1,0,-1.24222377281827,0,0.8040643433924
1,25,1,SUCCESS,1,0,-1.51162866766788,0,0.819438723792571
1,26,1,SUCCESS,1,0,-4.08958965568651,0,0.75311929714825
1,27,1,SUCCESS,1,0,-1.74257737339799,0,0.911976233833964
1,28,1,SUCCESS,1,0,-0.663375673907236,0,1.01806502296134
1,29,1,SUCCESS,1,0,-4.24760166992248,0,0.799894922011242
1,30,1,SUCCESS,1,0,-2.8752478177713,0,0.717427867001888
1,31,1,SUCCESS,1,0,-1.6103196527809,0,0.802687364792504
1,32,1,SUCCESS,1,0,-1.59641931334319,0,0.826870766681953
1,33,1,SUCCESS,1,0,-2.61473615370606,0,0.733002972127816
1,34,1,SUCCESS,0,0,0.464761181391453,0,0.928895642481738
1,35,1,SUCCESS,0,0,0.47280620839602,0,0.761695199070172
1,36,1,SUCCESS,1,0,-3.90512973818932,0,0.75198069015509
1,37,1,SUCCESS,1,0,-0.684809804937295,0,0.907612773830958
1,38,1,SUCCESS,1,0,-3.34982229924673,0,0.832543043247257
1,39,1,SUCCESS,1,0,-1.55749758346317,0,0.975414391900393
1,40,1,SUCCESS,1,0,-3.03184995893286,0,0.888592610086128
1,41,1,SUCCESS,1,0,-0.110990950547871,0,0.865483343231583
1,42,1,SUCCESS,1,0,-0.000574504712997104,0,0.987640238397534
1,43,1,SUCCESS,1,0,-0.891324648556272,0,0.7505569114067
1,44,1,SUCCESS,1,0,-0.939382877748871,0,1.00457955555374
1,45,1,SUCCESS,1,0,-0.0149235911040167,0,1.00574348510871
1,46,1,SUCCESS,1,0,-1.60477397530178,0,0.926108036425053
1,47,1,SUCCESS,1,0,-1.68017850937073,0,0.963653085760593
1,48,1,SUCCESS,1,0,-4.2726413714131,0,0.682073328742029
1,49,1,SUCCESS,1,0,-0.577218274280288,0,0.839898502544281
1,50,1,SUCCESS,1,0,-1.25669745888433,0,0.811374153923714
1,51,1,SUCCESS,1,0,-2.57902268740792,0,0.775052593190136
1,52,1,SUCCESS,1,0,-3.700223408964,0,0.707040982671268
1,53,1,SUCCESS,1,0,-1.13131402359628,0,0.840846394570228
1,54,1,SUCCESS,1,0,-0.0552949974806542,0,0.80853704264968
1,55,1,SUCCESS,0,0,0.74289315511486,0,1.02233965345862
1,56,1,SUCCESS,1,0,-1.39524881202284,0,0.838294582002709
1,57,1,SUCCESS,1,0,-4.02397056622888,0,0.688797639062167
1,58,1,SUCCESS,1,0,-0.851599892359967,0,0.990631998149526
1,59,1,SUCCESS,0,0,0.750758764448982,0,1.01658072620872
1,60,1,SUCCESS,1,0,-3.75792758230748,0,0.742886267513914
1,61,1,SUCCESS,1,0,-0.951564757256196,0,0.864126326343544
1,62,1,SUCCESS,0,0,1.07739327459845,0,0.995588904563094
1,63,1,SUCCESS,1,0,-2.07212973356576,0,0.737923128248012
1,64,1,SUCCESS,1,0,-0.260337550397479,0,0.99782264808117
1,65,1,SUCCESS,1,0,-3.19549061080996,0,0.786163151819047
1,66,1,SUCCESS,1,0,-1.25736396199242,0,0.898538108811675
1,67,1,SUCCESS,1,0,-1.60628982947168,0,0.872754689597012
1,68,1,SUCCESS,1,0,-0.271192780471027,0,0.977632604045884
1,69,1,SUCCESS,0,0,1.18534574674416,0,0.973035413457968
1,70,1,SUCCESS,1,0,-1.3046393505042,0,0.808038208710399
1,71,1,SUCCESS,1,0,-4.53150163556905,0,0.71846574881713
1,72,1,SUCCESS,1,0,-0.855161106017769,0,0.808286389067676
1,73,1,SUCCESS,1,0,-0.780403720919181,0,0.861212975624342
1,74,1,SUCCESS,1,0,-3.15434322960352,0,0.766479714583531
1,75,1,SUCCESS,1,0,-2.1790394596457,0,0.798452840387661
1,76,1,SUCCESS,1,0,-0.443943542395589,0,0.973897663693745
1,77,1,SUCCESS,1,0,-0.560611221892416,0,0.957974733335785
1,78,1,SUCCESS,1,0,-1.43404547683967,0,0.952557759050505
1,79,1,SUCCESS,1,0,-1.30344374648596,0,0.985877143747897
1,80,1,SUCCESS,1,0,-0.067898217666871,0,0.993026698231681
1,81,1,SUCCESS,1,0,-2.67431130031843,0,0.855960228331512
1,82,1,SUCCESS,0,0,0.909396864872187,0,1.01067223853945
1,83,1,SUCCESS,1,0,-2.58775091645107,0,0.737244541712677
1,84,1,SUCCESS,1,0,-2.06117444428513,0,0.928537955754366
1,85,1,SUCCESS,1,0,-0.20944611657504,0,0.966917541649792
1,86,1,SUCCESS,1,0,-0.819439987096793,0,0.849896464505952
1,87,1,SUCCESS,1,0,-2.57765418091176,0,0.791900897220285
1,88,1,SUCCESS,0,0,1.30420645981076,0,1.01823868354171
1,89,1,SUCCESS,0,0,0.775789441293536,0,0.998441746159949
1,90,1,SUCCESS,1,0,-0.0913097498864201,0,0.981111875380646
1,91,1,SUCCESS,1,0,-0.159787257004731,0,1.00121150279872
1,92,1,SUCCESS,1,0,-0.932153697991087,0,0.984117063842871
1,93,1,SUCCESS,1,0,-1.54196227908352,0,0.802593137719561
1,94,1,SUCCESS,1,0,-1.72000679046312,0,0.861414464367284
1,95,1,SUCCESS,1,0,-3.05445774043316,0,0.773936393699398
1,96,1,SUCCESS,1,0,-2.13464005808371,0,0.740347061960628
1,97,1,SUCCESS,1,0,-1.23622474787253,0,0.722738094922015
1,98,1,SUCCESS,1,0,-2.81082912616524,0,0.787062938337206
1,99,1,SUCCESS,1,0,-1.72304124182865,0,0.725187888266736
1,100,1,SUCCESS,1,0,-1.71764399160609,0,0.849910284820212
1,101,1,SUCCESS,1,0,-4.69121938716878,0,0.748006433906781
1,102,1,SUCCESS,0,0,0.968217698576364,0,0.943440780431397
1,103,1,SUCCESS,1,0,-0.605405414544264,0,0.888187356265476
1,104,1,SUCCESS,0,0,0.046837453100464,0,0.999843029872706
1,105,1,SUCCESS,1,0,-3.7824547049906,0,0.714130625665971
1,106,1,SUCCESS,0,0,0.761265441393922,0,1.01056413506578
1,107,1,SUCCESS,1,0,-0.0892144853534034,0,0.94221231832875
1,108,1,SUCCESS,1,0,-0.637331150467953,0,1.00508111351973
1,109,1,SUCCESS,1,0,-2.32538586691943,0,0.720325790704968
1,110,1,SUCCESS,1,0,-2.09400738474454,0,0.740427755818814
1,111,1,SUCCESS,1,0,-1.76553114466114,0,0.771262765863476
1,112,1,SUCCESS,0,0,1.07203162348339,0,0.96914997987639
1,113,1,SUCCESS,1,0,-1.14715762109986,0,0.956233512441062
1,114,1,SUCCESS,0,0,1.43616301844985,0,0.800561434756315
1,115,1,SUCCESS,0,0,0.280378821906475,0,1.00746522825049
1,116,1,SUCCESS,1,0,-1.39124275390126,0,0.715678758159266
1,117,1,SUCCESS,1,0,-1.72771991390791,0,0.877788568202282
1,118,1,SUCCESS,1,0,-1.23264919196336,0,0.989393738568315
1,119,1,SUCCESS,0,0,1.52184550600164,0,1.02779199160324
1,120,1,SUCCESS,1,0,-1.76730831679722,0,0.835445918133818
1,121,1,SUCCESS,0,0,0.612049464279056,0,0.878836928590212
1,122,1,SUCCESS,0,0,0.348416235538013,0,0.786202995682072
1,123,1,SUCCESS,1,0,-1.34526612062247,0,0.827822496894876
1,124,1,SUCCESS,1,0,-1.83997589245549,0,0.817892142533905
1,125,1,SUCCESS,1,0,-0.305401141646141,0,0.848408871099644
1,126,1,SUCCESS,1,0,-1.91855844927084,0,0.758407700106544
1,127,1,SUCCESS,1,0,-2.18684108568543,0,0.722059868937986
1,128,1,SUCCESS,1,0,-2.16469928272503,0,0.802446728863036
1,129,1,SUCCESS,1,0,-2.33866158059928,0,0.853152320712547
1,130,1,SUCCESS,0,0,0.808817013856555,0,1.04599708258158
1,131,1,SUCCESS,1,0,-0.527267485957989,0,0.797752285216773
1,132,1,SUCCESS,1,0,-2.97498712959862,0,0.83949625648514
1,133,1,SUCCESS,0,0,0.14606685918494,0,0.999744612787507
1,134,1,SUCCESS,1,0,-0.815985738878362,0,1.02270643683054
1,135,1,SUCCESS,1,0,-1.57695063585735,0,0.83716497448542
1,136,1,SUCCESS,0,0,0.196296581429267,0,0.802363132102201
1,137,1,SUCCESS,1,0,-1.66625830693815,0,0.907679974297126
1,138,1,SUCCESS,1,0,-1.46339636632935,0,0.859840207897817
1,139,1,SUCCESS,0,0,0.197939221213445,0,0.952142372508234
1,140,1,SUCCESS,1,0,-2.67150637827059,0,0.744527297991014
1,141,1,SUCCESS,1,0,-1.78144150711116,0,0.79027552222683
1,142,1,SUCCESS,1,0,-3.28557244998743,0,0.814532054098371
1,143,1,SUCCESS,1,0,-1.65095842338992,0,0.894901840463888
1,144,1,SUCCESS,1,0,-2.10969946490497,0,0.797633844022845
1,145,1,SUCCESS,1,0,-1.02968222557157,0,1.00028157141921
1,146,1,SUCCESS,0,0,0.795046439612709,0,1.02492680915461
1,147,1,SUCCESS,0,0,0.0332639337222125,0,0.803904810763181
1,148,1,SUCCESS,1,0,-1.84670402653105,0,0.918001692969753
1,149,1,SUCCESS,1,0,-0.495450784773883,0,0.864627721138514
1,150,1,SUCCESS,1,0,-0.771171608257734,0,0.89947423476323
1,151,1,SUCCESS,0,0,0.860802413527137,0,1.00310106283401
1,152,1,SUCCESS,1,0,-0.923336486219388,0,0.924560723920743
1,153,1,SUCCESS,1,0,-3.36474302025628,0,0.79103771126725
1,154,1,SUCCESS,0,0,0.540260973241925,0,1.01369108216815
1,155,1,SUCCESS,1,0,-1.48474660085927,0,0.88626599280621
1,156,1,SUCCESS,1,0,-0.0762506722099025,0,0.915304802826164
1,157,1,SUCCESS,1,0,-2.2028017734555,0,0.757127739742888
1,158,1,SUCCESS,1,0,-2.10818918826412,0,0.843718890781412
1,159,1,SUCCESS,0,0,0.33167086121237,0,1.01274976388949
1,160,1,SUCCESS,0,0,0.861119631520884,0,1.01456043414723
1,161,1,SUCCESS,1,0,-0.176879791296814,0,0.884749444128215
1,162,1,SUCCESS,1,0,-0.942043088169983,0,1.02809414005999
1,163,1,SUCCESS,1,0,-1.91622429691474,0,0.772743170613203
1,164,1,SUCCESS,1,0,-1.93968627736263,0,0.798317384873188
1,165,1,SUCCESS,0,0,0.710628780965346,0,0.946567812043063
1,166,1,SUCCESS,1,0,-1.98753921406086,0,0.813376624395258
1,167,1,SUCCESS,1,0,-3.98642819045634,0,0.75418316107376
1,168,1,SUCCESS,1,0,-2.7251581866513,0,0.742046232103314
1,169,1,SUCCESS,1,0,-2.30596712019228,0,0.837837081908107
1,170,1,SUCCESS,1,0,-0.421579999609413,0,1.00276366176161
1,171,1,SUCCESS,0,0,0.453093853322289,0,1.00634784927793
1,172,1,SUCCESS,0,0,1.32741894114469,0,0.964379175710415
1,173,1,SUCCESS,1,0,-0.47193906966195,0,0.987442718515905
1,174,1,SUCCESS,1,0,-1.45573800801309,0,0.795450809533913
1,175,1,SUCCESS,1,0,-1.16238960131245,0,0.858382033288464
1,176,1,SUCCESS,1,0,-1.1757393758455,0,0.837647770885164
1,177,1,SUCCESS,1,0,-4.41980542889726,0,0.804976146777463
1,178,1,SUCCESS,1,0,-1.93927046788108,0,0.760917430270021
1,179,1,SUCCESS,1,0,-0.79579821474731,0,0.816200554231447
1,180,1,SUCCESS,1,0,-3.07329002371822,0,0.749931546314784
1,181,1,SUCCESS,1,0,-2.57532894692334,0,0.793325718948638
1,182,1,SUCCESS,1,0,-0.901875573825374,0,0.848283153338532
1,183,1,SUCCESS,1,0,-3.82616467874916,0,0.754750267717956
1,184,1,SUCCESS,1,0,-1.77291238358853,0,0.835338297974005
1,185,1,SUCCESS,1,0,-1.91545603482155,0,0.726483987285156
1,186,1,SUCCESS,1,0,-0.898584599885087,0,0.886531905592012
1,187,1,SUCCESS,0,0,0.143340577205507,0,0.928124886919529
1,188,1,SUCCESS,1,0,-2.98944175407916,0,0.674804896659263
1,189,1,SUCCESS,1,0,-1.47737641432508,0,0.90012973558226
1,190,1,SUCCESS,0,0,1.06812721955956,0,1.04746676930005
1,191,1,SUCCESS,1,0,-2.72187736618147,0,0.854027196721942
1,192,1,SUCCESS,1,0,-1.27675247010657,0,0.992324443035229
1,193,1,SUCCESS,1,0,-0.506023136152149,0,0.906145912101627
1,194,1,SUCCESS,0,0,1.06300896271446,0,0.930196247177526
1,195,1,SUCCESS,1,0,-2.39184912352708,0,0.88555112497215
1,196,1,SUCCESS,0,0,1.87617045622581,0,0.989261929758798
1,197,1,SUCCESS,1,0,-1.03704858326459,0,0.77353436483712
1,198,1,SUCCESS,1,0,-4.14274058694115,0,0.710321403952157
1,199,1,SUCCESS,1,0,-1.01404048584054,0,0.988775287609756
1,200,1,SUCCESS,1,0,-4.11629648648694,0,0.699215909421302
1,201,1,SUCCESS,0,0,0.291862680618038,0,1.01490015869528
1,202,1,SUCCESS,1,0,-0.333470656475212,0,0.873552212540765
1,203,1,SUCCESS,0,0,1.20812067543991,0,0.985551199226332
1,204,1,SUCCESS,0,0,0.86889110827,0,0.977971155765087
1,205,1,SUCCESS,1,0,-0.251215445088764,0,0.972206760507481
1,206,1,SUCCESS,1,0,-1.00801566961411,0,0.860376463156542
1,207,1,SUCCESS,1,0,-1.11829320153387,0,0.901484813860305
1,208,1,SUCCESS,1,0,-2.61413711065518,0,0.752503134996094
1,209,1,SUCCESS,1,0,-2.865347456963,0,0.771328812670996
1,210,1,SUCCESS,1,0,-2.1560293776121,0,0.773231759292231
1,211,1,SUCCESS,1,0,-4.2573840037638,0,0.714578042920595
1,212,1,SUCCESS,1,0,-3.09212159310673,0,0.790371582428428
1,213,1,SUCCESS,0,0,0.7962565799469,0,1.01490722943082
1,214,1,SUCCESS,1,0,-3.21427158766105,0,0.782455938299789
1,215,1,SUCCESS,1,0,-1.68926601538344,0,0.779648713926876
1,216,1,SUCCESS,1,0,-0.207849847780109,0,0.901088115720441
1,217,1,SUCCESS,1,0,-1.63633298135738,0,0.849905473030419
1,218,1,SUCCESS,1,0,-0.220118533111466,0,0.856152197265419
1,219,1,SUCCESS,1,0,-2.25692195141946,0,0.952709498813371
1,220,1,SUCCESS,1,0,-1.69512829916299,0,0.808925814301244
1,221,1,SUCCESS,1,0,-3.20518009726956,0,0.820422223212696
1,222,1,SUCCESS,1,0,-1.348143608008,0,0.914667788491309
1,223,1,SUCCESS,1,0,-2.58509338279223,0,0.774067566378725
1,224,1,SUCCESS,1,0,-4.08351065497529,0,0.679012920045275
1,225,1,SUCCESS,1,0,-1.23388875468239,0,1.01061063430207
1,226,1,SUCCESS,0,0,0.635074455738501,0,0.988190092209428
1,227,1,SUCCESS,1,0,-0.803577791614592,0,1.01196657874539
1,228,1,SUCCESS,1,0,-3.12424766353762,0,0.865242326091024
1,229,1,SUCCESS,1,0,-1.24660336939874,0,0.68396994330397
1,230,1,SUCCESS,1,0,-0.249618035559684,0,0.882574371581067
1,231,1,SUCCESS,1,0,-2.53357325507733,0,0.845177907898473
1,232,1,SUCCESS,1,0,-3.36880890372851,0,0.737460122709447
1,233,1,SUCCESS,1,0,-1.1605168332529,0,0.863122129306189
1,234,1,SUCCESS,1,0,-2.8382510053361,0,0.795577735351397
1,235,1,SUCCESS,0,0,1.05341000196009,0,0.991030530351114
1,236,1,SUCCESS,1,0,-2.11763037165497,0,0.777365197686905
1,237,1,SUCCESS,1,0,-3.41397768243374,0,0.769607769760068
1,238,1,SUCCESS,1,0,-1.15531128749221,0,0.992698150807841
1,239,1,SUCCESS,0,0,0.640220423702938,0,1.00058352259084
1,240,1,SUCCESS,1,0,-1.83987706180323,0,0.802907492786466
1,241,1,SUCCESS,1,0,-3.16633635704713,0,0.812360529838853
1,242,1,SUCCESS,1,0,-2.48780423967769,0,0.71842737136506
1,243,1,SUCCESS,1,0,-0.363843146865864,0,0.985274114736824
1,244,1,SUCCESS,0,0,0.52106528125568,0,0.927654851496568
1,245,1,SUCCESS,0,0,1.24702763249398,0,1.02094772547983
1,246,1,SUCCESS,1,0,-1.66721207063208,0,0.85755046404785
1,247,1,SUCCESS,0,0,0.373084658738899,0,0.98146847342748
1,248,1,SUCCESS,1,0,-3.45004100673811,0,0.715348840530585
1,249,1,SUCCESS,1,0,-3.34086267122486,0,0.723878232619876
1,250,1,SUCCESS,1,0,-2.35515717396232,0,0.760459947111673
1,251,1,SUCCESS,1,0,-0.58404941076458,0,0.779377417810234
1,252,1,SUCCESS,1,0,-0.41767090576846,0,1.01852245126591
1,253,1,SUCCESS,0,0,0.4256872223222,0,0.902669341405674
1,254,1,SUCCESS,0,0,0.0894228044175813,0,0.972431147232359
1,255,1,SUCCESS,1,0,-2.3058996313764,0,0.764706713243997
1,256,1,SUCCESS,1,0,-1.34560034250248,0,0.694990330087751
1,257,1,SUCCESS,1,0,-0.69091512581012,0,0.96603225225347
1,258,1,SUCCESS,1,0,-1.00374408085409,0,0.836922831267393
1,259,1,SUCCESS,1,0,-4.07607260431236,0,0.713927469345129
1,260,1,SUCCESS,1,0,-1.14931259659749,0,0.758539328645019
1,261,1,SUCCESS,1,0,-3.82460390620215,0,0.755009038685116
1,262,1,SUCCESS,1,0,-3.07835080542976,0,0.746164411257065
1,263,1,SUCCESS,1,0,-0.969902880785853,0,0.889283007130304
1,264,1,SUCCESS,1,0,-3.73378775000966,0,0.784354782766107
1,265,1,SUCCESS,1,0,-1.6068033107242,0,0.970994616512253
1,266,1,SUCCESS,0,0,1.2959716320595,0,0.931989686121675
1,267,1,SUCCESS,1,0,-0.341129105202918,0,0.818602780227241
1,268,1,SUCCESS,1,0,-1.26734461042662,0,0.850980992643798
1,269,1,SUCCESS,1,0,-0.729058786693316,0,0.988335577279829
1,270,1,SUCCESS,1,0,-2.82518098015429,0,0.706583363847888
1,271,1,SUCCESS,1,0,-3.0836880363499,0,0.70341221723503
1,272,1,SUCCESS,1,0,-2.19330725893411,0,0.807267218359093
1,273,1,SUCCESS,1,0,-1.41579330380739,0,0.728217758944071
1,274,1,SUCCESS,1,0,-1.83903595738261,0,0.808214522071717
1,275,1,SUCCESS,1,0,-3.29194377536747,0,0.731853494271497
1,276,1,SUCCESS,0,0,0.9385549600529,0,0.98797081944125
1,277,1,SUCCESS,1,0,-2.99445547443276,0,0.852783163422219
1,278,1,SUCCESS,1,0,-0.372519369151549,0,0.983823268950657
1,279,1,SUCCESS,1,0,-1.65793680145476,0,0.746782798280074
1,280,1,SUCCESS,1,0,-3.47239570600396,0,0.700567768646585
1,281,1,SUCCESS,1,0,-2.81284588920502,0,0.863494583282592
1,282,1,SUCCESS,1,0,-1.04292072921753,0,0.787948306403826
1,283,1,SUCCESS,1,0,-1.33373536455663,0,0.934860397839907
1,284,1,SUCCESS,1,0,-2.87875070652129,0,0.862464474044662
1,285,1,SUCCESS,0,0,1.49317102373248,0,0.994269240215358
1,286,1,SUCCESS,0,0,0.304214968726681,0,1.00250049935949
1,287,1,SUCCESS,1,0,-2.99648952836322,0,0.778938314645503
1,288,1,SUCCESS,1,0,-0.225958820869552,0,0.931621367509803
1,289,1,SUCCESS,1,0,-1.83167948898332,0,0.856830491113868
1,290,1,SUCCESS,1,0,-3.56784137687906,0,0.696915295444038
1,291,1,SUCCESS,1,0,-0.740422930626616,0,0.856966024672273
1,292,1,SUCCESS,1,0,-2.58433239194085,0,0.976623421193299
1,293,1,SUCCESS,1,0,-1.20872325916019,0,0.974586714836118
1,294,1,SUCCESS,1,0,-0.623788298242347,0,0.916178194671433
1,295,1,SUCCESS,1,0,-3.0698758114882,0,0.768451256762166
1,296,1,SUCCESS,1,0,-1.7273065065513,0,0.985256909408763
1,297,1,SUCCESS,0,0,0.164687931615919,0,0.903416880890823
1,298,1,SUCCESS,1,0,-3.12029933530268,0,0.864063344889056
1,299,1,SUCCESS,0,0,1.20128380597215,0,1.00013705285554
1,300,1,SUCCESS,1,0,-2.61881816398858,0,0.701169229603025
1,301,1,SUCCESS,1,0,-0.617476832538002,0,0.875030597637858
1,302,1,SUCCESS,1,0,-3.2174889561542,0,0.704010404112773
1,303,1,SUCCESS,1,0,-0.323509276047973,0,0.913230395548465
1,304,1,SUCCESS,1,0,-1.33898644168357,0,0.790152189764883
1,305,1,SUCCESS,1,0,-2.25157533923289,0,0.815292777887891
1,306,1,SUCCESS,1,0,-0.741726488645937,0,0.838941906632628
1,307,1,SUCCESS,1,0,-1.03617001214366,0,0.95131423008876
1,308,1,SUCCESS,1,0,-2.43737186392792,0,0.813511468709608
1,309,1,SUCCESS,0,0,1.64602060163018,0,0.908892875593078
1,310,1,SUCCESS,1,0,-1.17700885789237,0,0.791091892356305
1,311,1,SUCCESS,0,0,0.742695207764907,0,0.976141822777936
1,312,1,SUCCESS,1,0,-1.2292664526338,0,1.00775704141948
1,313,1,SUCCESS,1,0,-1.43603506765804,0,0.864088679667538
1,314,1,SUCCESS,1,0,-3.13982629150138,0,0.762061711322725
1,315,1,SUCCESS,0,0,0.593873679310819,0,0.94433478324271
1,316,1,SUCCESS,1,0,-1.38439393093698,0,0.733351580838239
1,317,1,SUCCESS,1,0,-2.31528856648563,0,0.798197642536437
1,318,1,SUCCESS,1,0,0.00819857279277894,0,0.906063296445869
1,319,1,SUCCESS,1,0,-0.594655156581835,0,0.862919392397412
1,320,1,SUCCESS,1,0,-3.73271480322003,0,0.715613322248016
1,321,1,SUCCESS,1,0,-3.12262261848294,0,0.813190920791387
1,322,1,SUCCESS,1,0,-0.0580010437219562,0,0.926335155021933
1,323,1,SUCCESS,1,0,-0.727907763808875,0,0.877725840255447
1,324,1,SUCCESS,1,0,-2.83692360269984,0,0.809336990667217
1,325,1,SUCCESS,0,0,0.0455928570615604,0,1.05523347342081
1,326,1,SUCCESS,0,0,0.116702481731476,0,1.00063580041059
1,327,1,SUCCESS,1,0,-1.97349424444884,0,0.859945486686386
1,328,1,SUCCESS,1,0,-1.5233148617998,0,0.793380729900846
1,329,1,SUCCESS,0,0,0.505562897919341,0,0.928228672959097
1,330,1,SUCCESS,1,0,-2.20420058794587,0,1.00367462249144
1,331,1,SUCCESS,0,0,0.12152595019696,0,0.961463068750048
1,332,1,SUCCESS,0,0,0.242771966688804,0,0.99991677456025
1,333,1,SUCCESS,1,0,-1.28611913647622,0,0.834844970146775
1,334,1,SUCCESS,1,0,-1.75527677918891,0,0.73146738232288
1,335,1,SUCCESS,1,0,-0.0577254381962187,0,0.9314060460452
1,336,1,SUCCESS,0,0,1.22645233150695,0,0.985509686656525
1,337,1,SUCCESS,1,0,-1.05940825359656,0,1.00152303031224
1,338,1,SUCCESS,1,0,-0.078957841923388,0,0.996204884290057
1,339,1,SUCCESS,1,0,-1.60389969939058,0,0.831014696827157
1,340,1,SUCCESS,1,0,-0.323832743680615,0,1.03750362233066
1,341,1,SUCCESS,1,0,-0.77276651844035,0,0.930270814535837
1,342,1,SUCCESS,1,0,-2.11537733050003,0,0.742437131759286
1,343,1,SUCCESS,1,0,-0.900626221292304,0,0.849747105802058
1,344,1,SUCCESS,0,0,0.94614062600341,0,0.951774849093713
1,345,1,SUCCESS,1,0,-1.68137810911408,0,0.821811020318739
1,346,1,SUCCESS,1,0,-0.467966453543302,0,0.970880981941057
1,347,1,SUCCESS,0,0,0.958787894358293,0,0.988996289157834
1,348,1,SUCCESS,1,0,-3.93663126371278,0,0.768477935888418
1,349,1,SUCCESS,1,0,-0.973472871689389,0,1.00467034292071
1,350,1,SUCCESS,1,0,-3.20784606644539,0,0.810033083216181
1,351,1,SUCCESS,1,0,-1.32192612739888,0,0.732591119466463
1,352,1,SUCCESS,1,0,-0.373379130982226,0,0.983526293615995
1,353,1,SUCCESS,1,0,-3.3140604880718,0,0.732928771551813
1,354,1,SUCCESS,1,0,-3.8765564006872,0,0.833428774318718
1,355,1,SUCCESS,0,0,1.68430407577172,0,0.913704777244944
1,356,1,SUCCESS,1,0,-3.65239376647766,0,0.710818195588745
1,357,1,SUCCESS,1,0,-1.11881447415143,0,0.842851005042489
1,358,1,SUCCESS,1,0,-4.71095319904226,0,0.693816213662082
1,359,1,SUCCESS,1,0,-3.19886705468875,0,0.804046016918198
1,360,1,SUCCESS,1,0,-2.07929283932234,0,0.711767109824898
1,361,1,SUCCESS,1,0,-0.353761279911205,0,1.01300324265974
1,362,1,SUCCESS,1,0,-2.56217141028765,0,0.748260753164888
1,363,1,SUCCESS,0,0,0.669481166156692,0,0.929816167711111
1,364,1,SUCCESS,1,0,-2.38339841547738,0,0.712652210334891
1,365,1,SUCCESS,1,0,-0.0680960963983528,0,1.02786877818691
1,366,1,SUCCESS,1,0,-1.82946000144062,0,0.878459128848623
1,367,1,SUCCESS,1,0,-2.99130330991563,0,0.701981097235785
1,368,1,SUCCESS,1,0,-2.71230092477113,0,0.742236369733865
1,369,1,SUCCESS,1,0,-2.98877600129891,0,0.693323426651062
1,370,1,SUCCESS,1,0,-4.36402884477175,0,0.773173798554496
1,371,1,SUCCESS,1,0,-1.34396649741798,0,0.813118152598545
1,372,1,SUCCESS,0,0,0.214334582698781,0,1.06155209319138
1,373,1,SUCCESS,1,0,-2.61959310943087,0,0.699152044333432
1,374,1,SUCCESS,0,0,0.652148437155344,0,0.998473860465274
1,375,1,SUCCESS,1,0,-1.83354085514823,0,0.967289526725611
1,376,1,SUCCESS,1,0,-2.30266140668385,0,0.830749727810369
1,377,1,SUCCESS,1,0,-0.0415932927632797,0,0.939828197935021
1,378,1,SUCCESS,1,0,-1.68091979654069,0,0.796609658544274
1,379,1,SUCCESS,1,0,-0.981554905682785,0,0.84917949086846
1,380,1,SUCCESS,0,0,0.72731044134352,0,0.922011969061425
1,381,1,SUCCESS,1,0,-0.568508303688144,0,0.971310902792007
1,382,1,SUCCESS,1,0,-3.46298117211993,0,0.762703078499608
1,383,1,SUCCESS,1,0,-0.578981380812986,0,0.906883289677228
1,384,1,SUCCESS,1,0,-1.10613589795387,0,0.825519233629081
1,385,1,SUCCESS,0,0,0.147064623752668,0,0.987728560742748
1,386,1,SUCCESS,0,0,0.222230378263427,0,0.864742699285796
1,387,1,SUCCESS,1,0,-2.35614334887413,0,0.815259509207626
1,388,1,SUCCESS,0,0,0.727645725994745,0,0.981498005736459
1,389,1,SUCCESS,0,0,1.83239021560124,0,1.02909315169754
1,390,1,SUCCESS,1,0,-1.3282697839793,0,0.994881689988673
1,391,1,SUCCESS,1,0,-1.74145156663121,0,0.740909002764261
1,392,1,SUCCESS,1,0,-3.89022532622594,0,0.695166552986913
1,393,1,SUCCESS,0,0,0.0693444853532767,0,0.994470453510052
1,394,1,SUCCESS,1,0,-0.816355973580303,0,0.851042890837764
1,395,1,SUCCESS,1,0,-0.363307403763941,0,1.01133377930398
1,396,1,SUCCESS,1,0,-3.15774766078919,0,0.838430151156988
1,397,1,SUCCESS,1,0,-2.84481887168872,0,0.754667669700481
1,398,1,SUCCESS,1,0,-0.459848747230786,0,1.01106611799442
1,399,1,SUCCESS,1,0,-0.77607463360868,0,1.00899472412816
1,400,1,SUCCESS,1,0,-3.71211305738384,0,0.834628448798536
1,401,1,SUCCESS,1,0,-1.88903094920156,0,0.805770058659606
1,402,1,SUCCESS,1,0,-0.182363286566881,0,0.983187234570421
1,403,1,SUCCESS,1,0,-0.839511067684689,0,0.830432828910568
1,404,1,SUCCESS,1,0,-1.0546981267461,0,0.888942671724
1,405,1,SUCCESS,1,0,-4.08346215211374,0,0.771195180006397
1,406,1,SUCCESS,0,0,0.0520409308237177,0,0.961473818716704
1,407,1,SUCCESS,1,0,-3.06372032986937,0,0.77684367401999
1,408,1,SUCCESS,1,0,-0.652334887057115,0,0.954055782117605
1,409,1,SUCCESS,1,0,-0.278338424974289,0,0.959568176213977
1,410,1,SUCCESS,1,0,-2.22882714105168,0,0.921242578494592
1,411,1,SUCCESS,1,0,-3.1999828961276,0,0.754459758638289
1,412,1,SUCCESS,1,0,-0.781159325873081,0,1.02153522505319
1,413,1,SUCCESS,1,0,-2.29654907164331,0,0.871834735217378
1,414,1,SUCCESS,1,0,-2.50828273270182,0,0.714320347923905
1,415,1,SUCCESS,0,0,0.286422924780935,0,1.01164255989253
1,416,1,SUCCESS,1,0,-3.45218987681698,0,0.707920444295854
1,417,1,SUCCESS,1,0,-2.03240945533321,0,0.878417440767114
1,418,1,SUCCESS,1,0,-3.4038579074208,0,0.702852802772803
1,419,1,SUCCESS,0,0,1.50484765032222,0,1.0324455359181
1,420,1,SUCCESS,1,0,-2.58835520479692,0,0.737077679606024
1,421,1,SUCCESS,0,0,1.61734068947242,0,0.98622177380358
1,422,1,SUCCESS,1,0,-0.353092233986517,0,1.02750899951991
1,423,1,SUCCESS,1,0,-1.6957222594266,0,0.738315348795532
1,424,1,SUCCESS,1,0,-0.484641869957075,0,0.822629667634637
1,425,1,SUCCESS,1,0,-0.643535774932043,0,0.99392550055146
1,426,1,SUCCESS,0,0,0.0530253519801029,0,0.991036207611486
1,427,1,SUCCESS,1,0,-2.16016757046282,0,0.805644373458397
1,428,1,SUCCESS,1,0,-3.57026224355257,0,0.764575895491494
1,429,1,SUCCESS,1,0,-0.757685521728257,0,0.933832301135628
1,430,1,SUCCESS,1,0,-1.86261139918095,0,0.857612489222628
1,431,1,SUCCESS,1,0,-2.12584057811309,0,0.931775100081271
1,432,1,SUCCESS,1,0,-0.937364047312407,0,0.922038565544969
1,433,1,SUCCESS,1,0,-3.11686041560374,0,0.783389746740057
1,434,1,SUCCESS,0,0,0.558791531076338,0,1.00144375059492
1,435,1,SUCCESS,0,0,0.506590409941529,0,1.01190137059445
1,436,1,SUCCESS,1,0,-0.997101853672117,0,0.71911262823953
1,437,1,SUCCESS,0,0,0.907716131850789,0,0.983193206622956
1,438,1,SUCCESS,0,0,0.618020516898155,0,0.856907246707964
1,439,1,SUCCESS,1,0,-3.28390654488587,0,0.769504218618507
1,440,1,SUCCESS,1,0,-2.95004840552197,0,0.750321896271502
1,441,1,SUCCESS,1,0,-1.76562352077637,0,0.894388291368601
1,442,1,SUCCESS,1,0,-1.49836428180027,0,0.809132002126333
1,443,1,SUCCESS,1,0,-1.85635787950076,0,0.914728824752245
1,444,1,SUCCESS,1,0,-2.07932577297186,0,0.780171804189627
1,445,1,SUCCESS,1,0,-2.40806772706564,0,0.917470234101353
1,446,1,SUCCESS,1,0,-2.80423508674315,0,0.764812810410573
1,447,1,SUCCESS,1,0,-1.07454166403551,0,0.968309582813423
1,448,1,SUCCESS,1,0,-1.16818035320266,0,0.794373260549037
1,449,1,SUCCESS,1,0,-3.29157279126945,0,0.688946953191343
1,450,1,SUCCESS,1,0,-2.18641447174311,0,0.802125935876766
1,451,1,SUCCESS,1,0,-1.56718763494109,0,0.815458420381395
1,452,1,SUCCESS,1,0,-2.42151342634025,0,0.828540133769186
1,453,1,SUCCESS,1,0,-3.50762871563968,0,0.704353120774586
1,454,1,SUCCESS,1,0,-1.53572808245136,0,0.900355977364945
1,455,1,SUCCESS,1,0,-3.03851635670144,0,0.776140108061049
1,456,1,SUCCESS,1,0,-1.63805875194837,0,0.770497664691736
1,457,1,SUCCESS,1,0,-1.35811120610159,0,0.886428059581311
1,458,1,SUCCESS,1,0,-3.61601190160164,0,0.745836765144774
1,459,1,SUCCESS,1,0,-3.75634621334625,0,0.741509786110108
1,460,1,SUCCESS,1,0,-2.19501157454456,0,0.832446456568115
1,461,1,SUCCESS,1,0,-3.72380446791488,0,0.708405693926754
1,462,1,SUCCESS,1,0,-1.71423399508371,0,0.695842196527002
1,463,1,SUCCESS,0,0,2.26964676224354,0,0.969992469601906
1,464,1,SUCCESS,1,0,-1.21666305423269,0,0.700602745725798
1,465,1,SUCCESS,1,0,-2.48218840363193,0,0.748324985155095
1,466,1,SUCCESS,1,0,-2.39097259837634,0,0.792328888308748
1,467,1,SUCCESS,1,0,-2.12416404838516,0,0.689225679950091
1,468,1,SUCCESS,1,0,-2.77307750044713,0,0.831277307711442
1,469,1,SUCCESS,0,0,2.7827152692724,0,1.00482861686526
1,470,1,SUCCESS,1,0,-0.841481815096787,0,0.755113351749808
1,471,1,SUCCESS,1,0,-0.136279404531951,0,1.01123247894672
1,472,1,SUCCESS,0,0,0.303617223418321,0,0.897242965972711
1,473,1,SUCCESS,1,0,-0.587786402925238,0,0.913076641331585
1,474,1,SUCCESS,1,0,-0.711752649764057,0,0.977835304646652
1,475,1,SUCCESS,1,0,-2.11612129768097,0,0.770384179743528
1,476,1,SUCCESS,1,0,-1.21040261133025,0,0.958859316872882
1,477,1,SUCCESS,0,0,0.503097841817149,0,1.03048260770112
1,478,1,SUCCESS,1,0,-2.67158438769397,0,0.83625772847005
1,479,1,SUCCESS,1,0,-1.77397112280141,0,0.92362543385712
1,480,1,SUCCESS,1,0,-0.767575658260789,0,1.01902290421916
1,481,1,SUCCESS,1,0,-0.0609000989590169,0,0.90238682349008
1,482,1,SUCCESS,1,0,-1.16608850966656,0,0.840974880062955
1,483,1,SUCCESS,1,0,-3.02706456897947,0,0.84404969548103
1,484,1,SUCCESS,1,0,-1.65164516394183,0,0.70032683611549
1,485,1,SUCCESS,1,0,-1.88878843790062,0,0.854316984464493
1,486,1,SUCCESS,0,0,0.181402984371955,0,0.78924428445083
1,487,1,SUCCESS,1,0,-2.07920778286019,0,0.843589178880486
1,488,1,SUCCESS,1,0,-0.332043640731109,0,1.02210963916656
1,489,1,SUCCESS,1,0,-0.59115460453015,0,0.824248471823148
1,490,1,SUCCESS,1,0,-0.678414825764685,0,1.04119227812762
1,491,1,SUCCESS,1,0,-2.09229330838385,0,0.776476891474722
1,492,1,SUCCESS,1,0,-0.839925987928441,0,0.907982034701751
1,493,1,SUCCESS,1,0,-0.664758274764172,0,1.00946596645622
1,494,1,SUCCESS,1,0,-1.17491448256915,0,0.929963631320366
1,495,1,SUCCESS,1,0,-1.19700560537964,0,0.817576499557978
1,496,1,SUCCESS,1,0,-1.25418918717142,0,0.849889262986266
1,497,1,SUCCESS,1,0,-1.48880241190222,0,0.826154362500696
1,498,1,SUCCESS,1,0,-3.19161651441256,0,0.742302017596889
1,499,1,SUCCESS,0,0,0.263302331922044,0,0.961317323633973
1,500,1,SUCCESS,1,0,-0.233046087589604,0,1.01033541170249
1,501,1,SUCCESS,1,0,-2.82906522984705,0,0.724443668774259
1,502,1,SUCCESS,1,0,-3.59034087351183,0,0.704439695165959
1,503,1,SUCCESS,0,0,0.0712252461381284,0,0.808924888285048
1,504,1,SUCCESS,1,0,-2.2596448541256,0,0.78786447680788
1,505,1,SUCCESS,1,0,-1.89051042382687,0,0.74881525099717
1,506,1,SUCCESS,1,0,-2.02320286210465,0,0.836109662982749
1,507,1,SUCCESS,1,0,-1.0096205771826,0,0.867311684497899
1,508,1,SUCCESS,1,0,-0.699258047098154,0,0.825382767887995
1,509,1,SUCCESS,1,0,-4.32286113518084,0,0.683816708460174
1,510,1,SUCCESS,0,0,0.325280313014777,0,1.00890007504438
1,511,1,SUCCESS,0,0,0.358243351120644,0,0.993080825538753
1,512,1,SUCCESS,1,0,-1.30691204348827,0,0.878139390241983
1,513,1,SUCCESS,1,0,-1.7955021639573,0,0.778121543785613
1,514,1,SUCCESS,1,0,-1.91120242207785,0,0.837833038090224
1,515,1,SUCCESS,1,0,-3.56917157492876,0,0.801503556453069
1,516,1,SUCCESS,1,0,-2.13011091507709,0,0.745505545946958
1,517,1,SUCCESS,1,0,-1.27023883289031,0,0.981657760028102
1,518,1,SUCCESS,0,0,0.335950772545258,0,0.981031742519714
1,519,1,SUCCESS,1,0,-0.234548558978027,0,0.880276631012486
1,520,1,SUCCESS,1,0,-3.28853937785815,0,0.762267868823918
1,521,1,SUCCESS,1,0,-1.37869390923125,0,1.00330510321032
1,522,1,SUCCESS,1,0,-1.32655697123603,0,0.908415990170627
1,523,1,SUCCESS,0,0,0.140726629632242,0,0.87940376012021
1,524,1,SUCCESS,1,0,-0.681015723397879,0,0.826530673226993
1,525,1,SUCCESS,0,0,2.36601330775626,0,1.01277713733848
1,526,1,SUCCESS,1,0,-0.716009501896883,0,0.875779503754392
1,527,1,SUCCESS,1,0,-0.233906064018045,0,1.00778261884629
1,528,1,SUCCESS,1,0,-0.587559292654626,0,0.882182705046262
1,529,1,SUCCESS,0,0,0.167879071007301,0,0.9821586885209
1,530,1,SUCCESS,0,0,1.26290674331679,0,1.00589072643358
1,531,1,SUCCESS,1,0,-1.30705290793023,0,0.907122810107536
1,532,1,SUCCESS,1,0,-0.451987897089363,0,0.972877012122314
1,533,1,SUCCESS,1,0,-0.29645513262318,0,0.967341693497579
1,534,1,SUCCESS,1,0,-2.37928306381013,0,0.815548321481162
1,535,1,SUCCESS,1,0,-1.55070362675623,0,0.906491486438778
1,536,1,SUCCESS,1,0,-0.987128285986884,0,0.837312799460423
1,537,1,SUCCESS,0,0,0.0761824627681334,0,0.917434576973188
1,538,1,SUCCESS,0,0,1.14270011568891,0,0.988668912260154
1,539,1,SUCCESS,1,0,-2.12718046200984,0,0.793045369975818
1,540,1,SUCCESS,1,0,-2.5528197903663,0,0.791113371003253
1,541,1,SUCCESS,1,0,-0.861526991619133,0,0.802045362786112
1,542,1,SUCCESS,1,0,-1.71817772735656,0,0.785154807099715
1,543,1,SUCCESS,1,0,-0.740450836442449,0,0.900928302782346
1,544,1,SUCCESS,1,0,-0.23069582144322,0,0.975021900925872
1,545,1,SUCCESS,1,0,-2.9224827681413,0,0.721751881268589
1,546,1,SUCCESS,1,0,-2.90402622540991,0,0.834367417610561
1,547,1,SUCCESS,0,0,0.781509004365788,0,0.991057858146347
1,548,1,SUCCESS,1,0,-3.52554548258644,0,0.792996114605623
1,549,1,SUCCESS,1,0,-2.7546609508557,0,0.772960354034817
1,550,1,SUCCESS,1,0,-2.05457551029443,0,0.970205864446041
1,551,1,SUCCESS,1,0,-1.09640587307782,0,0.884491885171394
1,552,1,SUCCESS,1,0,-3.0568254944661,0,0.683705158082053
1,553,1,SUCCESS,1,0,-1.9786330890878,0,1.00677752757206
1,554,1,SUCCESS,1,0,-2.55097151870869,0,0.918813574617705
1,555,1,SUCCESS,1,0,-1.94231250316666,0,0.876462710073177
1,556,1,SUCCESS,1,0,-1.89048116310475,0,0.786162479411509
1,557,1,SUCCESS,1,0,-1.06383621111825,0,0.877631177514722
1,558,1,SUCCESS,1,0,-0.292157633844038,0,0.999998208502519
1,559,1,SUCCESS,1,0,-0.0722216275058291,0,0.914758436775972
1,560,1,SUCCESS,1,0,-2.63426208132506,0,0.724859577926282
1,561,1,SUCCESS,1,0,-0.134801226513015,0,0.832075589926891
1,562,1,SUCCESS,1,0,-0.175781532509448,0,1.01000030609858
1,563,1,SUCCESS,0,0,0.872080768764936,0,0.910174680462214
1,564,1,SUCCESS,1,0,-0.378982050538013,0,0.948946212989166
1,565,1,SUCCESS,0,0,0.811776863527078,0,0.980300100513933
1,566,1,SUCCESS,1,0,-0.411886706449478,0,0.997501470108548
1,567,1,SUCCESS,1,0,-3.62817719019137,0,0.701944070273517
1,568,1,SUCCESS,1,0,-0.438136742461877,0,0.840020794561683
1,569,1,SUCCESS,1,0,-3.18823202931689,0,0.714091001476697
1,570,1,SUCCESS,1,0,-3.09970973913653,0,0.738508824438567
1,571,1,SUCCESS,1,0,-1.38500546894596,0,0.962799406608616
1,572,1,SUCCESS,0,0,0.106323999027929,0,0.881670049175417
1,573,1,SUCCESS,1,0,-2.46973441146356,0,0.850280125974619
1,574,1,SUCCESS,0,0,0.47648233242696,0,0.946836349055589
1,575,1,SUCCESS,1,0,-2.95143554734571,0,0.862566072276794
1,576,1,SUCCESS,1,0,-1.90037487809565,0,0.779641629279394
1,577,1,SUCCESS,0,0,0.379501906398596,0,1.01320974290101
1,578,1,SUCCESS,1,0,-4.2679553363343,0,0.700598304760357
1,579,1,SUCCESS,1,0,-1.59504199496192,0,0.778749342714469
1,580,1,SUCCESS,0,0,0.973659252480525,0,1.00417403532442
1,581,1,SUCCESS,1,0,-0.484251131489797,0,0.87189311265566
1,582,1,SUCCESS,0,0,1.3707562143885,0,1.00166068551589
1,583,1,SUCCESS,1,0,-0.716753978472281,0,0.918176344672694
1,584,1,SUCCESS,1,0,-0.705860960112951,0,0.929420838911563
1,585,1,SUCCESS,0,0,0.625392067282252,0,0.836067096021606
1,586,1,SUCCESS,1,0,-2.50499698184219,0,0.936733005742193
1,587,1,SUCCESS,1,0,-0.577105024740853,0,0.997635106073261
1,588,1,SUCCESS,1,0,-0.277116550420797,0,0.951832244572055
1,589,1,SUCCESS,1,0,-2.95469765172055,0,0.731730006696099
1,590,1,SUCCESS,0,0,0.256517062493152,0,0.892733394684514
1,591,1,SUCCESS,1,0,-2.3442375067271,0,0.768641743605898
1,592,1,SUCCESS,1,0,-0.0314870021932139,0,0.97800116818103
1,593,1,SUCCESS,0,0,0.352544523744179,0,0.971233904589893
1,594,1,SUCCESS,1,0,-1.04019485995321,0,1.0179642170455
1,595,1,SUCCESS,1,0,-0.603166588293998,0,0.807933050678058
1,596,1,SUCCESS,1,0,-1.0553407551335,0,0.938799189469798
1,597,1,SUCCESS,1,0,-0.873149656737535,0,0.847609166497927
1,598,1,SUCCESS,1,0,-2.1128718606334,0,0.744879528391432
1,599,1,SUCCESS,1,0,-1.298331053365,0,0.962743572000199
1,600,1,SUCCESS,1,0,-3.07846467177942,0,0.770469710153849
1,601,1,SUCCESS,1,0,-4.44377674099796,0,0.732293102729184
1,602,1,SUCCESS,1,0,-1.35329964510539,0,1.03452609845362
1,603,1,SUCCESS,1,0,-0.62234332130233,0,0.830724520946965
1,604,1,SUCCESS,1,0,-2.31525904297047,0,0.786994369275224
1,605,1,SUCCESS,1,0,-1.12268079369049,0,0.815392006546444
1,606,1,SUCCESS,1,0,-0.281632897008009,0,0.876854920690388
1,607,1,SUCCESS,1,0,-2.03971398531876,0,0.762238809335788
1,608,1,SUCCESS,1,0,-0.441860237866992,0,1.02455321120278
1,609,1,SUCCESS,1,0,-2.7089119711189,0,0.77998106025676
1,610,1,SUCCESS,1,0,-1.50979603013444,0,0.959111579802778
1,611,1,SUCCESS,1,0,-4.22738756655799,0,0.720794457998013
1,612,1,SUCCESS,1,0,-0.523265930562355,0,1.00128775232021
1,613,1,SUCCESS,1,0,-0.926682117587966,0,0.826335674788662
1,614,1,SUCCESS,1,0,-0.892742684995494,0,0.924221972449948
1,615,1,SUCCESS,1,0,-0.480670897741596,0,0.942044627698104
1,616,1,SUCCESS,1,0,-0.253975806782287,0,0.996851830961003
1,617,1,SUCCESS,1,0,-2.69236715696655,0,0.802120152108536
1,618,1,SUCCESS,0,0,2.03704255980928,0,1.00248983796718
1,619,1,SUCCESS,0,0,0.654274427694433,0,0.965984845467612
1,620,1,SUCCESS,1,0,-1.06499818235373,0,0.918536504550102
1,621,1,SUCCESS,1,0,-1.85218721626267,0,0.80544345249215
1,622,1,SUCCESS,1,0,-0.24437131488776,0,0.912919082471183
1,623,1,SUCCESS,1,0,-4.92909587685508,0,0.703183570059765
1,624,1,SUCCESS,1,0,-3.42514518147597,0,0.750526540094257
1,625,1,SUCCESS,1,0,-3.47797429620209,0,0.7161701411235
1,626,1,SUCCESS,0,0,1.54457042493177,0,0.990811310722966
1,627,1,SUCCESS,1,0,-1.46780133113254,0,0.82338898309959
1,628,1,SUCCESS,1,0,-0.895869950438099,0,0.901805086847913
1,629,1,SUCCESS,1,0,-2.13556026583565,0,0.712830224483687
1,630,1,SUCCESS,0,0,0.0558681313683943,0,0.840012681543972
1,631,1,SUCCESS,1,0,-0.384984515414389,0,0.849473347549122
1,632,1,SUCCESS,1,0,-3.25660720885951,0,0.752621635967726
1,633,1,SUCCESS,1,0,-1.48111993945156,0,1.00344279781966
1,634,1,SUCCESS,1,0,-1.36636999440002,0,0.921701013450465
1,635,1,SUCCESS,0,0,2.0065327350235,0,1.0325541998239
1,636,1,SUCCESS,1,0,-1.09247484843486,0,0.844428120367867
1,637,1,SUCCESS,1,0,-1.28270071245398,0,0.895518180160165
1,638,1,SUCCESS,1,0,-1.15936383964292,0,0.796837381328889
1,639,1,SUCCESS,1,0,-2.193366939574,0,0.785734721044094
1,640,1,SUCCESS,1,0,-0.812781792264146,0,0.944221778621036
1,641,1,SUCCESS,1,0,-2.34679598247999,0,0.720680057951686
1,642,1,SUCCESS,1,0,-1.30306168179069,0,0.999292028488904
1,643,1,SUCCESS,1,0,-2.19820197061692,0,0.73497283017641
1,644,1,SUCCESS,1,0,-1.40134111279651,0,1.01975466605361
1,645,1,SUCCESS,1,0,-1.90749198998342,0,0.85671050457114
1,646,1,SUCCESS,0,0,0.195186853772054,0,1.00085811650978
1,647,1,SUCCESS,0,0,0.0395232183389037,0,0.965861212365834
1,648,1,SUCCESS,1,0,-2.17478616521885,0,0.779072732788814
1,649,1,SUCCESS,1,0,-0.921510967786223,0,0.740476636289851
1,650,1,SUCCESS,1,0,-1.79145118315893,0,0.784997213081186
1,651,1,SUCCESS,1,0,-2.35214767359444,0,0.816219733355479
1,652,1,SUCCESS,1,0,-3.43804121190584,0,0.786640699371852
1,653,1,SUCCESS,1,0,-0.0658210042464637,0,0.983569161016306
1,654,1,SUCCESS,0,0,0.435265240946259,0,0.819842188815476
1,655,1,SUCCESS,1,0,-3.16280036380628,0,0.701292339777376
1,656,1,SUCCESS,1,0,-2.23167852022958,0,0.728416245868772
1,657,1,SUCCESS,1,0,-2.28528267641087,0,0.715619614485322
1,658,1,SUCCESS,1,0,-1.69446732777967,0,0.903992442107517
1,659,1,SUCCESS,1,0,-0.694385261803125,0,0.914096915884918
1,660,1,SUCCESS,1,0,-0.184352896807363,0,0.923164356468472
1,661,1,SUCCESS,0,0,1.04081540069589,0,0.942305015369816
1,662,1,SUCCESS,1,0,-3.59051269897353,0,0.797541264244739
1,663,1,SUCCESS,0,0,0.0291415962273663,0,1.00414805941163
1,664,1,SUCCESS,1,0,-0.427751068251864,0,1.03737896164529
1,665,1,SUCCESS,1,0,-5.11072628448163,0,0.673104445509133
1,666,1,SUCCESS,1,0,-0.909815125700149,0,0.998472075200824
1,667,1,SUCCESS,1,0,-3.34307327724318,0,0.75686902267226
1,668,1,SUCCESS,0,0,1.15017483890801,0,1.02081393870006
1,669,1,SUCCESS,1,0,-1.08062357311332,0,0.835133836209772
1,670,1,SUCCESS,1,0,-2.69385913846085,0,0.821191193696493
1,671,1,SUCCESS,1,0,-3.06895385973827,0,0.719459258319985
1,672,1,SUCCESS,1,0,-1.3635609053836,0,0.894177544710958
1,673,1,SUCCESS,1,0,-3.09965649882833,0,0.685536435255042
1,674,1,SUCCESS,1,0,-1.92274953734632,0,0.901907037710424
1,675,1,SUCCESS,1,0,-3.36696835021646,0,0.711793044558551
1,676,1,SUCCESS,1,0,-0.979415132313287,0,0.865737801353186
1,677,1,SUCCESS,1,0,-0.706254578754476,0,1.02427325546182
1,678,1,SUCCESS,0,0,0.723807169307731,0,0.920331592113127
1,679,1,SUCCESS,1,0,-2.72260398317053,0,0.958881092055458
1,680,1,SUCCESS,1,0,-0.365828491223898,0,0.922981447242609
1,681,1,SUCCESS,1,0,-3.80964656903304,0,0.726047552060501
1,682,1,SUCCESS,1,0,-0.471737858760424,0,0.899846659839431
1,683,1,SUCCESS,1,0,-0.93628362145279,0,0.760638065014062
1,684,1,SUCCESS,1,0,-1.57684992793025,0,0.859680248004251
1,685,1,SUCCESS,1,0,-3.86282311790684,0,0.705586890121976
1,686,1,SUCCESS,0,0,0.363934357803888,0,0.89327187196269
1,687,1,SUCCESS,1,0,-1.47096969785112,0,0.751670034683937
1,688,1,SUCCESS,1,0,-2.114520457028,0,0.847043146957925
1,689,1,SUCCESS,1,0,-2.93473613508916,0,0.749446475554485
1,690,1,SUCCESS,1,0,-0.795439758905005,0,0.731456724121524
1,691,1,SUCCESS,1,0,-1.07781825128493,0,0.843731503972835
1,692,1,SUCCESS,1,0,-2.3935344098851,0,0.7753422083121
1,693,1,SUCCESS,1,0,-2.2730020657718,0,0.714801472819273
1,694,1,SUCCESS,1,0,-0.476093715981387,0,0.979330229515534
1,695,1,SUCCESS,1,0,-3.88490432067753,0,0.718988867011117
1,696,1,SUCCESS,1,0,-3.44172067628415,0,0.735951190328176
1,697,1,SUCCESS,0,0,0.0546090759538071,0,0.992185887728058
1,698,1,SUCCESS,1,0,-1.29613324246562,0,0.845903967995739
1,699,1,SUCCESS,1,0,-1.82731755671586,0,0.855855135646262
1,700,1,SUCCESS,0,0,1.31814577294852,0,0.996295874997509
1,701,1,SUCCESS,0,0,1.77760444026793,0,1.01447035566964
1,702,1,SUCCESS,1,0,-0.452742816951426,0,0.973116369335889
1,703,1,SUCCESS,1,0,-1.67036411829031,0,0.74928432738701
1,704,1,SUCCESS,1,0,-0.22343808889009,0,0.993609719559108
1,705,1,SUCCESS,1,0,-1.94001788405963,0,0.77352651943307
1,706,1,SUCCESS,1,0,-2.36370901767641,0,0.734706938422233
1,707,1,SUCCESS,1,0,-2.50802100863628,0,0.773782902581607
1,708,1,SUCCESS,1,0,-3.01761724278343,0,0.920195129286208
1,709,1,SUCCESS,1,0,-1.18768555124917,0,0.907429314629497
1,710,1,SUCCESS,1,0,-2.73040236679318,0,0.699569569964295
1,711,1,SUCCESS,1,0,-2.64171127504027,0,0.829851879721187
1,712,1,SUCCESS,1,0,-2.17224480615726,0,0.838146087024561
1,713,1,SUCCESS,1,0,-3.45377564708023,0,0.733112649071746
1,714,1,SUCCESS,0,0,0.484134912582993,0,0.93155570885708
1,715,1,SUCCESS,1,0,-1.52932364444131,0,0.8902302220075
1,716,1,SUCCESS,1,0,-1.49587646707187,0,1.00253360678195
1,717,1,SUCCESS,1,0,-4.24573306355096,0,0.84498151362684
1,718,1,SUCCESS,0,0,0.93747188808333,0,0.999457405411702
1,719,1,SUCCESS,0,0,2.0720937151959,0,0.995641519171577
1,720,1,SUCCESS,1,0,-3.22186513694697,0,0.713462085970775
1,721,1,SUCCESS,1,0,-1.12969693160193,0,0.9316430046719
1,722,1,SUCCESS,1,0,-4.10176675137556,0,0.715418340132157
1,723,1,SUCCESS,1,0,-0.794148627777712,0,0.863093563251631
1,724,1,SUCCESS,1,0,-0.971438360273083,0,1.00611178580539
1,725,1,SUCCESS,1,0,-1.52552219003018,0,1.01882525826405
1,726,1,SUCCESS,1,0,-3.16465358750279,0,0.687751119437396
1,727,1,SUCCESS,1,0,-2.04683858665678,0,0.831799263161595
1,728,1,SUCCESS,1,0,-0.909444120584994,0,0.871981823883279
1,729,1,SUCCESS,0,0,1.5112100015328,0,1.02976133359352
1,730,1,SUCCESS,1,0,-1.05368972499467,0,0.74465549919376
1,731,1,SUCCESS,1,0,-1.66639609274956,0,0.873401425116532
1,732,1,SUCCESS,1,0,-3.23028534837662,0,0.716429847179816
1,733,1,SUCCESS,1,0,-1.1861258062069,0,0.813339801493296
1,734,1,SUCCESS,1,0,-4.24628104355685,0,0.745149614891377
1,735,1,SUCCESS,1,0,-1.39354983022554,0,0.836451586768829
1,736,1,SUCCESS,0,0,0.65390854586223,0,0.86010257924512
1,737,1,SUCCESS,1,0,-1.43076761479007,0,0.807562236067047
1,738,1,SUCCESS,1,0,-0.498316524639898,0,0.941550784870568
1,739,1,SUCCESS,1,0,-0.141004340946991,0,0.909404423267415
1,740,1,SUCCESS,1,0,-2.21857583541136,0,0.974228438331956
1,741,1,SUCCESS,1,0,-3.02191893511322,0,0.746338802188101
1,742,1,SUCCESS,1,0,-2.39476378027004,0,0.779661573898388
1,743,1,SUCCESS,1,0,-1.1802923507636,0,0.998020537691145
1,744,1,SUCCESS,1,0,-1.21611291683641,0,0.868204107165933
1,745,1,SUCCESS,1,0,-2.50535784359851,0,0.818723090151103
1,746,1,SUCCESS,1,0,-3.39427597255861,0,0.819955372062019
1,747,1,SUCCESS,1,0,-2.14742091241315,0,0.716956849450688
1,748,1,SUCCESS,1,0,-1.98200165170002,0,0.797592263207099
1,749,1,SUCCESS,1,0,-0.48240017579875,0,0.876457493995447
1,750,1,SUCCESS,1,0,-0.72013965073547,0,0.843875689569128
1,751,1,SUCCESS,1,0,-2.84372840439208,0,0.779154774691129
1,752,1,SUCCESS,1,0,-1.76913952243191,0,0.993854058696058
1,753,1,SUCCESS,0,0,0.191484414958587,0,0.970747881894574
1,754,1,SUCCESS,0,0,0.954248715125718,0,0.966662242390708
1,755,1,SUCCESS,1,0,-2.26614426726137,0,0.688515115912621
1,756,1,SUCCESS,1,0,-3.61599054851751,0,0.753643181587906
1,757,1,SUCCESS,1,0,-4.26921637212291,0,0.693333637271808
1,758,1,SUCCESS,1,0,-0.132548735347882,0,1.00974577892877
1,759,1,SUCCESS,1,0,-5.20609650101097,0,0.70686798286274
1,760,1,SUCCESS,1,0,-2.18691560101427,0,0.742888958030613
1,761,1,SUCCESS,1,0,-0.175447164214201,0,0.850583450211157
1,762,1,SUCCESS,0,0,0.740970416016846,0,0.957130790223227
1,763,1,SUCCESS,1,0,-1.0902457572742,0,0.854070813652651
1,764,1,SUCCESS,1,0,-1.19980631166677,0,0.804417327375955
1,765,1,SUCCESS,0,0,1.14330087732751,0,1.03772037783747
1,766,1,SUCCESS,1,0,-3.18602748079337,0,0.837356836491039
1,767,1,SUCCESS,1,0,-0.276784962586682,0,0.815267270077977
1,768,1,SUCCESS,1,0,-2.07893803454157,0,1.01114911664579
1,769,1,SUCCESS,1,0,-3.35349792610036,0,0.835443529495493
1,770,1,SUCCESS,0,0,0.288787029743829,0,0.898434008811886
1,771,1,SUCCESS,1,0,-0.364094985041359,0,1.01066919904039
1,772,1,SUCCESS,1,0,-0.819935146486327,0,0.901845477218529
1,773,1,SUCCESS,1,0,-1.61020698407657,0,0.762870263385913
1,774,1,SUCCESS,1,0,-0.00656806230913381,0,1.00534089255487
1,775,1,SUCCESS,1,0,-3.94845584581337,0,0.777071000796575
1,776,1,SUCCESS,1,0,-1.1651796096675,0,0.897177346179006
1,777,1,SUCCESS,1,0,-4.55139021833048,0,0.704619840318445
1,778,1,SUCCESS,1,0,-2.01612265061833,0,0.871178709223602
1,779,1,SUCCESS,1,0,-0.208815328174229,0,0.95487681815364
1,780,1,SUCCESS,1,0,-2.02603050939889,0,0.768559273229549
1,781,1,SUCCESS,1,0,-1.62617990277012,0,0.701491549399539
1,782,1,SUCCESS,1,0,-1.57213052165493,0,0.85966054221217
1,783,1,SUCCESS,1,0,-0.280805722621244,0,0.850040135229273
1,784,1,SUCCESS,1,0,-0.108650698150902,0,0.95338198776821
1,785,1,SUCCESS,1,0,-1.83885459796274,0,0.893090553020679
1,786,1,SUCCESS,0,0,1.96116861248539,0,0.915681097425598
1,787,1,SUCCESS,1,0,-0.134224920250399,0,0.978930580734385
1,788,1,SUCCESS,0,0,0.0830206102162697,0,0.920736964404216
1,789,1,SUCCESS,1,0,-4.38065396055512,0,0.727135345581896
1,790,1,SUCCESS,1,0,-0.0923805734846501,0,0.834627900646884
1,791,1,SUCCESS,1,0,-0.723530099444701,0,0.9304691093823
1,792,1,SUCCESS,1,0,0.00324931193473912,0,1.0032787564912
1,793,1,SUCCESS,1,0,-3.27376020944487,0,0.757859874795211
1,794,1,SUCCESS,1,0,-0.343451954964115,0,0.971231374010093
1,795,1,SUCCESS,1,0,-2.36787909473076,0,0.888305722523247
1,796,1,SUCCESS,1,0,-2.43743896965046,0,0.76694011788582
1,797,1,SUCCESS,1,0,-0.273634454576733,0,0.87296169801924
1,798,1,SUCCESS,1,0,-2.29606925597536,0,0.75368490897699
1,799,1,SUCCESS,1,0,-1.28776098437703,0,0.899169813131349
1,800,1,SUCCESS,1,0,-0.761473567309698,0,0.79807438344305
1,801,1,SUCCESS,1,0,-1.36941793309619,0,0.870001811299136
1,802,1,SUCCESS,1,0,-3.05311335436526,0,0.772168260311551
1,803,1,SUCCESS,1,0,-1.28074434409246,0,0.879980502413662
1,804,1,SUCCESS,1,0,-0.648567676336459,0,0.926587876171956
1,805,1,SUCCESS,1,0,-1.42568117651289,0,1.02264137975855
1,806,1,SUCCESS,1,0,-1.32380774076961,0,0.894060629470391
1,807,1,SUCCESS,0,0,0.644322267166162,0,0.893765661562893
1,808,1,SUCCESS,1,0,-0.761669104369517,0,0.977990044638872
1,809,1,SUCCESS,0,0,0.295283270363203,0,0.798717419511656
1,810,1,SUCCESS,1,0,-0.611424866338888,0,0.860173272620459
1,811,1,SUCCESS,1,0,-0.372610359861902,0,0.881065272503896
1,812,1,SUCCESS,1,0,0.0202279518939238,0,0.885184387475577
1,813,1,SUCCESS,1,0,-0.2676956099573,0,0.773754978855061
1,814,1,SUCCESS,1,0,-1.78685885149165,0,0.822739535290441
1,815,1,SUCCESS,1,0,-2.08182055476979,0,0.749653999040114
1,816,1,SUCCESS,0,0,0.158421430570111,0,0.988810812863407
1,817,1,SUCCESS,1,0,-0.264431385333898,0,1.02499648547512
1,818,1,SUCCESS,1,0,-0.966513527428982,0,0.900149534509129
1,819,1,SUCCESS,1,0,-1.44861378261613,0,0.839355749346167
1,820,1,SUCCESS,1,0,-0.827600097367411,0,0.867807678787512
1,821,1,SUCCESS,1,0,-2.86502965948258,0,0.797492683130486
1,822,1,SUCCESS,1,0,-0.243499420422024,0,0.849552022878767
1,823,1,SUCCESS,0,0,0.0424531391474931,0,0.834991659662304
1,824,1,SUCCESS,1,0,-1.60701946065367,0,0.791034346375324
1,825,1,SUCCESS,1,0,-0.542541244992289,0,0.996238891978535
1,826,1,SUCCESS,1,0,-0.452944990243703,0,0.853277269429131
1,827,1,SUCCESS,1,0,-2.82910829682769,0,0.871160356998545
1,828,1,SUCCESS,1,0,-2.35339652369266,0,0.790974898742281
1,829,1,SUCCESS,1,0,-0.197117678435468,0,0.896377479786328
1,830,1,SUCCESS,1,0,-3.32403015104038,0,0.779343095247193
1,831,1,SUCCESS,1,0,-0.515240165791725,0,0.818941300031583
1,832,1,SUCCESS,1,0,-0.227412291940272,0,1.03456235243025
1,833,1,SUCCESS,1,0,-1.7897021676932,0,0.806838080360742
1,834,1,SUCCESS,1,0,-1.17595458908932,0,0.767342012794214
1,835,1,SUCCESS,1,0,-1.4098991551349,0,0.809227042293697
1,836,1,SUCCESS,1,0,-2.23111833721439,0,0.790842364265539
1,837,1,SUCCESS,1,0,-1.47228580497742,0,0.83033276067723
1,838,1,SUCCESS,1,0,-1.46916219379117,0,0.792893849868708
1,839,1,SUCCESS,0,0,0.259686094990909,0,1.01991799303816
1,840,1,SUCCESS,1,0,-1.31915439917907,0,0.872686843434752
1,841,1,SUCCESS,1,0,-2.67088914635624,0,0.756654556197549
1,842,1,SUCCESS,1,0,-2.2106762700287,0,0.81656469573771
1,843,1,SUCCESS,0,0,0.0476795736894745,0,0.804003380768894
1,844,1,SUCCESS,1,0,-3.81263136368149,0,0.826593237291487
1,845,1,SUCCESS,1,0,-0.191908747684851,0,0.986539192415854
1,846,1,SUCCESS,1,0,-0.478495513836051,0,0.911233586899054
1,847,1,SUCCESS,1,0,-3.39174494710984,0,0.722861129249786
1,848,1,SUCCESS,1,0,-3.01956444166591,0,0.808378961373379
1,849,1,SUCCESS,1,0,-3.16467613579426,0,0.750529068028427
1,850,1,SUCCESS,1,0,-3.4117097195861,0,0.695960839306821
1,851,1,SUCCESS,1,0,-3.42965043002807,0,0.734409030700538
1,852,1,SUCCESS,0,0,0.556074056150158,0,1.0137589134983
1,853,1,SUCCESS,1,0,-2.73133934666038,0,0.801451981917479
1,854,1,SUCCESS,1,0,-2.14444129374251,0,0.862671441319574
1,855,1,SUCCESS,1,0,-1.89976014803519,0,0.932212944835528
1,856,1,SUCCESS,1,0,-0.0380722975957902,0,1.04360389834094
1,857,1,SUCCESS,1,0,-3.3361442971244,0,0.771116448596622
1,858,1,SUCCESS,0,0,0.75718517753522,0,0.999861013364305
1,859,1,SUCCESS,1,0,-1.9307885091318,0,0.783404609229833
1,860,1,SUCCESS,1,0,-1.63856981597588,0,0.781055152824302
1,861,1,SUCCESS,1,0,-0.463869054238765,0,0.989178384686801
1,862,1,SUCCESS,1,0,-2.20895521103046,0,0.78914610564169
1,863,1,SUCCESS,1,0,-2.10189479235156,0,0.777394998673887
1,864,1,SUCCESS,1,0,-3.14081064149588,0,0.978084725677989
1,865,1,SUCCESS,1,0,-3.1125972304352,0,0.806725290691664
1,866,1,SUCCESS,1,0,-6.70520472810878,0,0.683870979741354
1,867,1,SUCCESS,1,0,-1.91159599480476,0,0.749957123614501
1,868,1,SUCCESS,1,0,-3.52668053516519,0,0.728872749046205
1,869,1,SUCCESS,1,0,-2.49626024054237,0,0.740273189388813
1,870,1,SUCCESS,0,0,0.319496803387614,0,0.997246806280124
1,871,1,SUCCESS,1,0,-3.65977609561153,0,0.704669786782554
1,872,1,SUCCESS,1,0,-1.53901388607891,0,0.803119044348286
1,873,1,SUCCESS,1,0,-2.2252961245176,0,0.746333344828467
1,874,1,SUCCESS,1,0,-2.32027429772867,0,0.792767904273329
1,875,1,SUCCESS,1,0,-0.7715206846387,0,0.912621665782674
1,876,1,SUCCESS,1,0,-0.448335449011151,0,0.8044026606959
1,877,1,SUCCESS,0,0,0.145399030111727,0,1.0110932598641
1,878,1,SUCCESS,0,0,1.94240117280435,0,0.992654536501689
1,879,1,SUCCESS,1,0,-2.14258515157638,0,0.76677202449082
1,880,1,SUCCESS,1,0,-1.93654091305513,0,0.86781107539834
1,881,1,SUCCESS,1,0,-3.15859098471276,0,0.699069095403207
1,882,1,SUCCESS,0,0,0.414434475342118,0,1.02824195826851
1,883,1,SUCCESS,1,0,-1.96989470619121,0,0.733636904152857
1,884,1,SUCCESS,1,0,-0.629753576867632,0,0.939533254900171
1,885,1,SUCCESS,1,0,-0.736446934409732,0,1.00673291705023
1,886,1,SUCCESS,0,0,0.183700815640333,0,0.972907500470096
1,887,1,SUCCESS,1,0,-0.986295687518977,0,1.00318874214743
1,888,1,SUCCESS,1,0,-1.65913069472936,0,0.881009267907933
1,889,1,SUCCESS,1,0,-0.938154751073151,0,0.994950258599166
1,890,1,SUCCESS,1,0,-2.91072682737373,0,0.8126227071634
1,891,1,SUCCESS,1,0,-2.09171784469441,0,0.752912139756744
1,892,1,SUCCESS,0,0,0.860456334856392,0,0.954276811579613
1,893,1,SUCCESS,1,0,-1.15675372123643,0,0.846745899888446
1,894,1,SUCCESS,0,0,0.029248329557557,0,1.01623734750778
1,895,1,SUCCESS,1,0,-0.848391079975496,0,0.8649761096004
1,896,1,SUCCESS,1,0,-1.54981950846471,0,0.779785564997488
1,897,1,SUCCESS,1,0,-1.81706633260448,0,0.702463345331975
1,898,1,SUCCESS,1,0,-0.499439343186193,0,0.816977029663959
1,899,1,SUCCESS,1,0,-2.51002020965687,0,0.769718899233068
1,900,1,SUCCESS,1,0,-4.14717205954811,0,0.730890112834846
1,901,1,SUCCESS,1,0,-0.683052221551511,0,0.799642412714473
1,902,1,SUCCESS,0,0,0.923259519572406,0,1.03609558163638
1,903,1,SUCCESS,1,0,-2.17320245072195,0,0.832191640665683
1,904,1,SUCCESS,0,0,1.06471416051775,0,0.98960498243134
1,905,1,SUCCESS,1,0,-1.55166951928077,0,0.768625037415304
1,906,1,SUCCESS,1,0,-1.8130784961437,0,0.829185045093011
1,907,1,SUCCESS,1,0,-0.874031603909654,0,0.80333485600169
1,908,1,SUCCESS,1,0,-0.927848166535165,0,1.01288226772275
1,909,1,SUCCESS,1,0,-3.50419942854551,0,0.705061125068574
1,910,1,SUCCESS,1,0,-1.00212285938873,0,0.845457757234863
1,911,1,SUCCESS,1,0,-0.507746988810239,0,0.871498269618553
1,912,1,SUCCESS,1,0,-1.862561492044,0,0.846304974135936
1,913,1,SUCCESS,1,0,-0.89202900437919,0,0.97910770751998
1,914,1,SUCCESS,1,0,-4.25404798253265,0,0.708703721570073
1,915,1,SUCCESS,1,0,-1.87517501996898,0,0.882682669763235
1,916,1,SUCCESS,0,0,0.195429230262547,0,0.768920952998101
1,917,1,SUCCESS,1,0,-3.2160196799484,0,0.738902030165995
1,918,1,SUCCESS,1,0,-0.35255800858453,0,1.04204568171684
1,919,1,SUCCESS,1,0,-2.86143899668024,0,0.698977923640965
1,920,1,SUCCESS,1,0,-0.399310164390491,0,0.917648615171554
1,921,1,SUCCESS,1,0,-1.30435613481527,0,0.939317601297847
1,922,1,SUCCESS,0,0,0.622519081944313,0,0.999754393340482
1,923,1,SUCCESS,1,0,-1.51380870690815,0,0.849960884485626
1,924,1,SUCCESS,1,0,-0.552098759923728,0,0.752543773500327
1,925,1,SUCCESS,1,0,-1.38124004607493,0,0.903777164992141
1,926,1,SUCCESS,1,0,-2.72770674091996,0,0.782273263375711
1,927,1,SUCCESS,0,0,0.654215181003877,0,0.951465136641696
1,928,1,SUCCESS,1,0,-0.415394183985398,0,0.827107733166227
1,929,1,SUCCESS,1,0,-1.79412598628312,0,0.77496678953996
1,930,1,SUCCESS,0,0,0.230381550474082,0,0.8415103611202
1,931,1,SUCCESS,1,0,-1.39128433639634,0,0.785673895509264
1,932,1,SUCCESS,1,0,-2.0119643347816,0,0.94682621860433
1,933,1,SUCCESS,1,0,-0.0291049949094769,0,1.01492673506283
1,934,1,SUCCESS,1,0,-1.32988222337511,0,0.83147638478449
1,935,1,SUCCESS,1,0,-2.85334784684457,0,0.76359814033656
1,936,1,SUCCESS,1,0,-4.70598060166323,0,0.761409634626602
1,937,1,SUCCESS,1,0,-4.34605540793526,0,0.691182831179691
1,938,1,SUCCESS,1,0,-0.962357257466676,0,0.991713799825682
1,939,1,SUCCESS,1,0,-0.0367146028044844,0,1.02133797960638
1,940,1,SUCCESS,1,0,-1.35437102707883,0,0.86732989226731
1,941,1,SUCCESS,1,0,-1.26185190198323,0,0.862930052515358
1,942,1,SUCCESS,1,0,-1.38875224330904,0,0.853658761551008
1,943,1,SUCCESS,1,0,-1.27898574703393,0,0.881379666796522
1,944,1,SUCCESS,1,0,-2.2645584698169,0,0.784321845961676
1,945,1,SUCCESS,0,0,1.86068207112949,0,1.02014447285176
1,946,1,SUCCESS,1,0,-2.3783584255007,0,0.760760733428787
1,947,1,SUCCESS,1,0,-1.25734363574673,0,0.71687441550243
1,948,1,SUCCESS,1,0,-1.43594689471145,0,0.999802905776834
1,949,1,SUCCESS,0,0,0.957452208046367,0,1.00618526074398
1,950,1,SUCCESS,0,0,1.2013178891526,0,0.979305814654813
1,951,1,SUCCESS,1,0,-0.467530409119222,0,0.99808314765262
1,952,1,SUCCESS,1,0,-1.97511288155845,0,0.783543151887898
1,953,1,SUCCESS,1,0,-0.244543538415814,0,0.866542037276493
1,954,1,SUCCESS,1,0,-0.595176291522019,0,0.850451357622528
1,955,1,SUCCESS,1,0,-0.749343140296134,0,0.901235365811813
1,956,1,SUCCESS,1,0,-1.11124745418822,0,0.789031555985069
1,957,1,SUCCESS,1,0,-1.30011514947582,0,0.918601288694051
1,958,1,SUCCESS,1,0,-1.55070291697322,0,0.830986810298298
1,959,1,SUCCESS,1,0,-2.98467308975227,0,0.772013784020772
1,960,1,SUCCESS,0,0,0.811520292687735,0,1.02735676977883
1,961,1,SUCCESS,1,0,-1.9861567343922,0,0.926226315816717
1,962,1,SUCCESS,1,0,-1.95063442338291,0,0.678073826960948
1,963,1,SUCCESS,1,0,-2.93934268868153,0,0.720553614102975
1,964,1,SUCCESS,1,0,-0.316764251319872,0,0.904087207678986
1,965,1,SUCCESS,1,0,-1.49116983232689,0,0.811603935516839
1,966,1,SUCCESS,0,0,0.746801619590919,0,0.998547453126353
1,967,1,SUCCESS,1,0,-2.01066464744321,0,0.78639512614031
1,968,1,SUCCESS,1,0,-4.01087379338535,0,0.728132605522326
1,969,1,SUCCESS,1,0,-0.581002671731726,0,1.01066664932073
1,970,1,SUCCESS,1,0,-2.36692307504129,0,0.759451780596937
1,971,1,SUCCESS,1,0,-0.0845784121334441,0,0.975777973988941
1,972,1,SUCCESS,0,0,0.198747710409494,0,0.824590150055494
1,973,1,SUCCESS,1,0,-0.444873592820296,0,0.922517884511051
1,974,1,SUCCESS,1,0,-1.08546218858936,0,0.72199690059904
1,975,1,SUCCESS,1,0,-0.814321848193755,0,1.03933060025865
1,976,1,SUCCESS,1,0,-3.56101094511781,0,0.740598642379988
1,977,1,SUCCESS,1,0,-1.87016103998737,0,0.694212814557576
1,978,1,SUCCESS,1,0,-1.63153300826162,0,0.837277969472044
1,979,1,SUCCESS,1,0,-1.58369692391506,0,0.992025387806972
1,980,1,SUCCESS,1,0,-1.85438434817196,0,0.861729856548926
1,981,1,SUCCESS,1,0,-2.73156292494527,0,0.720596299519711
1,982,1,SUCCESS,0,0,0.714071614840745,0,0.96728002195758
1,983,1,SUCCESS,1,0,-3.85061652906633,0,0.733253091418608
1,984,1,SUCCESS,1,0,-1.69377478011552,0,0.83878764285935
1,985,1,SUCCESS,1,0,-0.85305300650126,0,0.997288173767343
1,986,1,SUCCESS,1,0,-2.41201385560353,0,0.774963337443611
1,987,1,SUCCESS,1,0,-0.412467103528995,0,1.00696590616267
1,988,1,SUCCESS,0,0,0.32214772298968,0,0.981315054739293
1,989,1,SUCCESS,0,0,1.27903204756435,0,0.981132572458215
1,990,1,SUCCESS,1,0,-0.76830732236262,0,1.0077685747706
1,991,1,SUCCESS,1,0,-0.88229547147938,0,0.79202547029286
1,992,1,SUCCESS,1,0,-0.839486963117202,0,0.985191741055863
1,993,1,SUCCESS,0,0,0.915194754170647,0,1.02269284796163
1,994,1,SUCCESS,1,0,-0.302318026382679,0,0.870105779264154
1,995,1,SUCCESS,1,0,-0.0912050995793918,0,0.982460239468312
1,996,1,SUCCESS,1,0,-1.43449627941605,0,1.00789320418445
1,997,1,SUCCESS,1,0,-0.653333280199643,0,1.01826285217272
1,998,1,SUCCESS,1,0,-2.46089393267675,0,0.831722747356658
1,999,1,SUCCESS,1,0,-1.65322880865972,0,0.816814571398287
1,1000,1,SUCCESS,1,0,-2.32554212716036,0,0.800683159366032
